-- -------------------------------------------------------------
-- TablePlus 4.0.0(370)
--
-- https://tableplus.com/
--
-- Database: laravel
-- Generation Time: 2021-08-27 18:30:19.6300
-- -------------------------------------------------------------


/*!40101 SET @OLD_CHARACTER_SET_CLIENT=@@CHARACTER_SET_CLIENT */;
/*!40101 SET @OLD_CHARACTER_SET_RESULTS=@@CHARACTER_SET_RESULTS */;
/*!40101 SET @OLD_COLLATION_CONNECTION=@@COLLATION_CONNECTION */;
/*!40101 SET NAMES utf8mb4 */;
/*!40014 SET @OLD_UNIQUE_CHECKS=@@UNIQUE_CHECKS, UNIQUE_CHECKS=0 */;
/*!40014 SET @OLD_FOREIGN_KEY_CHECKS=@@FOREIGN_KEY_CHECKS, FOREIGN_KEY_CHECKS=0 */;
/*!40101 SET @OLD_SQL_MODE=@@SQL_MODE, SQL_MODE='NO_AUTO_VALUE_ON_ZERO' */;
/*!40111 SET @OLD_SQL_NOTES=@@SQL_NOTES, SQL_NOTES=0 */;


DROP TABLE IF EXISTS `carriages`;
CREATE TABLE `carriages` (
  `id` bigint unsigned NOT NULL AUTO_INCREMENT,
  `number` int NOT NULL,
  `train_id` bigint unsigned NOT NULL,
  `created_at` timestamp NULL DEFAULT NULL,
  `updated_at` timestamp NULL DEFAULT NULL,
  PRIMARY KEY (`id`),
  KEY `carriages_train_id_foreign` (`train_id`),
  CONSTRAINT `carriages_train_id_foreign` FOREIGN KEY (`train_id`) REFERENCES `trains` (`id`) ON DELETE CASCADE
) ENGINE=InnoDB AUTO_INCREMENT=101 DEFAULT CHARSET=utf8mb4 COLLATE=utf8mb4_unicode_ci;

DROP TABLE IF EXISTS `cities`;
CREATE TABLE `cities` (
  `id` bigint unsigned NOT NULL AUTO_INCREMENT,
  `name` varchar(255) COLLATE utf8mb4_unicode_ci NOT NULL,
  `created_at` timestamp NULL DEFAULT NULL,
  `updated_at` timestamp NULL DEFAULT NULL,
  PRIMARY KEY (`id`)
) ENGINE=InnoDB AUTO_INCREMENT=101 DEFAULT CHARSET=utf8mb4 COLLATE=utf8mb4_unicode_ci;

DROP TABLE IF EXISTS `failed_jobs`;
CREATE TABLE `failed_jobs` (
  `id` bigint unsigned NOT NULL AUTO_INCREMENT,
  `uuid` varchar(255) COLLATE utf8mb4_unicode_ci NOT NULL,
  `connection` text COLLATE utf8mb4_unicode_ci NOT NULL,
  `queue` text COLLATE utf8mb4_unicode_ci NOT NULL,
  `payload` longtext COLLATE utf8mb4_unicode_ci NOT NULL,
  `exception` longtext COLLATE utf8mb4_unicode_ci NOT NULL,
  `failed_at` timestamp NOT NULL DEFAULT CURRENT_TIMESTAMP,
  PRIMARY KEY (`id`),
  UNIQUE KEY `failed_jobs_uuid_unique` (`uuid`)
) ENGINE=InnoDB DEFAULT CHARSET=utf8mb4 COLLATE=utf8mb4_unicode_ci;

DROP TABLE IF EXISTS `migrations`;
CREATE TABLE `migrations` (
  `id` int unsigned NOT NULL AUTO_INCREMENT,
  `migration` varchar(255) COLLATE utf8mb4_unicode_ci NOT NULL,
  `batch` int NOT NULL,
  PRIMARY KEY (`id`)
) ENGINE=InnoDB AUTO_INCREMENT=11 DEFAULT CHARSET=utf8mb4 COLLATE=utf8mb4_unicode_ci;

DROP TABLE IF EXISTS `password_resets`;
CREATE TABLE `password_resets` (
  `email` varchar(255) COLLATE utf8mb4_unicode_ci NOT NULL,
  `token` varchar(255) COLLATE utf8mb4_unicode_ci NOT NULL,
  `created_at` timestamp NULL DEFAULT NULL,
  KEY `password_resets_email_index` (`email`)
) ENGINE=InnoDB DEFAULT CHARSET=utf8mb4 COLLATE=utf8mb4_unicode_ci;

DROP TABLE IF EXISTS `personal_access_tokens`;
CREATE TABLE `personal_access_tokens` (
  `id` bigint unsigned NOT NULL AUTO_INCREMENT,
  `tokenable_type` varchar(255) COLLATE utf8mb4_unicode_ci NOT NULL,
  `tokenable_id` bigint unsigned NOT NULL,
  `name` varchar(255) COLLATE utf8mb4_unicode_ci NOT NULL,
  `token` varchar(64) COLLATE utf8mb4_unicode_ci NOT NULL,
  `abilities` text COLLATE utf8mb4_unicode_ci,
  `last_used_at` timestamp NULL DEFAULT NULL,
  `created_at` timestamp NULL DEFAULT NULL,
  `updated_at` timestamp NULL DEFAULT NULL,
  PRIMARY KEY (`id`),
  UNIQUE KEY `personal_access_tokens_token_unique` (`token`),
  KEY `personal_access_tokens_tokenable_type_tokenable_id_index` (`tokenable_type`,`tokenable_id`)
) ENGINE=InnoDB DEFAULT CHARSET=utf8mb4 COLLATE=utf8mb4_unicode_ci;

DROP TABLE IF EXISTS `prices`;
CREATE TABLE `prices` (
  `id` bigint unsigned NOT NULL AUTO_INCREMENT,
  `price` int NOT NULL,
  `carriage_id` bigint unsigned NOT NULL,
  `type` enum('cv','coupe','platscarte') COLLATE utf8mb4_unicode_ci NOT NULL DEFAULT 'cv',
  `created_at` timestamp NULL DEFAULT NULL,
  `updated_at` timestamp NULL DEFAULT NULL,
  PRIMARY KEY (`id`),
  KEY `prices_carriage_id_foreign` (`carriage_id`),
  CONSTRAINT `prices_carriage_id_foreign` FOREIGN KEY (`carriage_id`) REFERENCES `carriages` (`id`) ON DELETE CASCADE
) ENGINE=InnoDB AUTO_INCREMENT=101 DEFAULT CHARSET=utf8mb4 COLLATE=utf8mb4_unicode_ci;

DROP TABLE IF EXISTS `routes`;
CREATE TABLE `routes` (
  `id` bigint unsigned NOT NULL AUTO_INCREMENT,
  `train_id` bigint unsigned NOT NULL,
  `departure_station` bigint unsigned NOT NULL,
  `arrival_station` bigint unsigned NOT NULL,
  `departure_time` datetime NOT NULL,
  `arrival_time` datetime NOT NULL,
  `road_time` datetime NOT NULL,
  `created_at` timestamp NULL DEFAULT NULL,
  `updated_at` timestamp NULL DEFAULT NULL,
  PRIMARY KEY (`id`),
  KEY `routes_train_id_foreign` (`train_id`),
  KEY `routes_departure_station_foreign` (`departure_station`),
  KEY `routes_arrival_station_foreign` (`arrival_station`),
  CONSTRAINT `routes_arrival_station_foreign` FOREIGN KEY (`arrival_station`) REFERENCES `stations` (`id`) ON DELETE CASCADE,
  CONSTRAINT `routes_departure_station_foreign` FOREIGN KEY (`departure_station`) REFERENCES `stations` (`id`) ON DELETE CASCADE,
  CONSTRAINT `routes_train_id_foreign` FOREIGN KEY (`train_id`) REFERENCES `trains` (`id`) ON DELETE CASCADE
) ENGINE=InnoDB AUTO_INCREMENT=101 DEFAULT CHARSET=utf8mb4 COLLATE=utf8mb4_unicode_ci;

DROP TABLE IF EXISTS `stations`;
CREATE TABLE `stations` (
  `id` bigint unsigned NOT NULL AUTO_INCREMENT,
  `name` varchar(255) COLLATE utf8mb4_unicode_ci NOT NULL,
  `city_id` bigint unsigned NOT NULL,
  `created_at` timestamp NULL DEFAULT NULL,
  `updated_at` timestamp NULL DEFAULT NULL,
  PRIMARY KEY (`id`),
  KEY `stations_city_id_foreign` (`city_id`),
  CONSTRAINT `stations_city_id_foreign` FOREIGN KEY (`city_id`) REFERENCES `cities` (`id`) ON DELETE CASCADE
) ENGINE=InnoDB AUTO_INCREMENT=101 DEFAULT CHARSET=utf8mb4 COLLATE=utf8mb4_unicode_ci;

DROP TABLE IF EXISTS `trains`;
CREATE TABLE `trains` (
  `id` bigint unsigned NOT NULL AUTO_INCREMENT,
  `name` varchar(255) COLLATE utf8mb4_unicode_ci NOT NULL,
  `created_at` timestamp NULL DEFAULT NULL,
  `updated_at` timestamp NULL DEFAULT NULL,
  PRIMARY KEY (`id`)
) ENGINE=InnoDB AUTO_INCREMENT=101 DEFAULT CHARSET=utf8mb4 COLLATE=utf8mb4_unicode_ci;

DROP TABLE IF EXISTS `users`;
CREATE TABLE `users` (
  `id` bigint unsigned NOT NULL AUTO_INCREMENT,
  `name` varchar(255) COLLATE utf8mb4_unicode_ci NOT NULL,
  `email` varchar(255) COLLATE utf8mb4_unicode_ci NOT NULL,
  `email_verified_at` timestamp NULL DEFAULT NULL,
  `password` varchar(255) COLLATE utf8mb4_unicode_ci NOT NULL,
  `remember_token` varchar(100) COLLATE utf8mb4_unicode_ci DEFAULT NULL,
  `created_at` timestamp NULL DEFAULT NULL,
  `updated_at` timestamp NULL DEFAULT NULL,
  PRIMARY KEY (`id`),
  UNIQUE KEY `users_email_unique` (`email`)
) ENGINE=InnoDB AUTO_INCREMENT=11 DEFAULT CHARSET=utf8mb4 COLLATE=utf8mb4_unicode_ci;

INSERT INTO `carriages` (`id`, `number`, `train_id`, `created_at`, `updated_at`) VALUES
(1, 15, 3, '2021-08-27 14:57:04', '2021-08-27 14:57:04'),
(2, 45, 54, '2021-08-27 14:57:05', '2021-08-27 14:57:05'),
(3, 13, 35, '2021-08-27 14:57:05', '2021-08-27 14:57:05'),
(4, 9, 80, '2021-08-27 14:57:05', '2021-08-27 14:57:05'),
(5, 5, 73, '2021-08-27 14:57:05', '2021-08-27 14:57:05'),
(6, 39, 35, '2021-08-27 14:57:05', '2021-08-27 14:57:05'),
(7, 48, 62, '2021-08-27 14:57:05', '2021-08-27 14:57:05'),
(8, 24, 13, '2021-08-27 14:57:05', '2021-08-27 14:57:05'),
(9, 6, 52, '2021-08-27 14:57:05', '2021-08-27 14:57:05'),
(10, 46, 76, '2021-08-27 14:57:05', '2021-08-27 14:57:05'),
(11, 35, 40, '2021-08-27 14:57:05', '2021-08-27 14:57:05'),
(12, 46, 25, '2021-08-27 14:57:05', '2021-08-27 14:57:05'),
(13, 2, 21, '2021-08-27 14:57:05', '2021-08-27 14:57:05'),
(14, 32, 22, '2021-08-27 14:57:05', '2021-08-27 14:57:05'),
(15, 12, 13, '2021-08-27 14:57:05', '2021-08-27 14:57:05'),
(16, 41, 92, '2021-08-27 14:57:05', '2021-08-27 14:57:05'),
(17, 16, 54, '2021-08-27 14:57:05', '2021-08-27 14:57:05'),
(18, 20, 90, '2021-08-27 14:57:05', '2021-08-27 14:57:05'),
(19, 6, 21, '2021-08-27 14:57:05', '2021-08-27 14:57:05'),
(20, 15, 18, '2021-08-27 14:57:05', '2021-08-27 14:57:05'),
(21, 10, 37, '2021-08-27 14:57:05', '2021-08-27 14:57:05'),
(22, 6, 6, '2021-08-27 14:57:05', '2021-08-27 14:57:05'),
(23, 38, 14, '2021-08-27 14:57:05', '2021-08-27 14:57:05'),
(24, 37, 87, '2021-08-27 14:57:05', '2021-08-27 14:57:05'),
(25, 23, 75, '2021-08-27 14:57:05', '2021-08-27 14:57:05'),
(26, 47, 17, '2021-08-27 14:57:05', '2021-08-27 14:57:05'),
(27, 47, 44, '2021-08-27 14:57:05', '2021-08-27 14:57:05'),
(28, 19, 37, '2021-08-27 14:57:05', '2021-08-27 14:57:05'),
(29, 16, 81, '2021-08-27 14:57:05', '2021-08-27 14:57:05'),
(30, 48, 38, '2021-08-27 14:57:05', '2021-08-27 14:57:05'),
(31, 46, 44, '2021-08-27 14:57:05', '2021-08-27 14:57:05'),
(32, 3, 13, '2021-08-27 14:57:05', '2021-08-27 14:57:05'),
(33, 15, 44, '2021-08-27 14:57:05', '2021-08-27 14:57:05'),
(34, 43, 57, '2021-08-27 14:57:05', '2021-08-27 14:57:05'),
(35, 21, 47, '2021-08-27 14:57:05', '2021-08-27 14:57:05'),
(36, 20, 1, '2021-08-27 14:57:05', '2021-08-27 14:57:05'),
(37, 22, 31, '2021-08-27 14:57:05', '2021-08-27 14:57:05'),
(38, 30, 65, '2021-08-27 14:57:05', '2021-08-27 14:57:05'),
(39, 5, 86, '2021-08-27 14:57:05', '2021-08-27 14:57:05'),
(40, 8, 18, '2021-08-27 14:57:05', '2021-08-27 14:57:05'),
(41, 17, 89, '2021-08-27 14:57:05', '2021-08-27 14:57:05'),
(42, 25, 80, '2021-08-27 14:57:05', '2021-08-27 14:57:05'),
(43, 48, 3, '2021-08-27 14:57:05', '2021-08-27 14:57:05'),
(44, 25, 98, '2021-08-27 14:57:05', '2021-08-27 14:57:05'),
(45, 21, 74, '2021-08-27 14:57:05', '2021-08-27 14:57:05'),
(46, 21, 55, '2021-08-27 14:57:05', '2021-08-27 14:57:05'),
(47, 11, 89, '2021-08-27 14:57:05', '2021-08-27 14:57:05'),
(48, 32, 67, '2021-08-27 14:57:05', '2021-08-27 14:57:05'),
(49, 43, 26, '2021-08-27 14:57:05', '2021-08-27 14:57:05'),
(50, 41, 96, '2021-08-27 14:57:05', '2021-08-27 14:57:05'),
(51, 17, 11, '2021-08-27 14:57:05', '2021-08-27 14:57:05'),
(52, 15, 60, '2021-08-27 14:57:05', '2021-08-27 14:57:05'),
(53, 45, 61, '2021-08-27 14:57:05', '2021-08-27 14:57:05'),
(54, 29, 54, '2021-08-27 14:57:05', '2021-08-27 14:57:05'),
(55, 31, 52, '2021-08-27 14:57:05', '2021-08-27 14:57:05'),
(56, 7, 82, '2021-08-27 14:57:05', '2021-08-27 14:57:05'),
(57, 7, 14, '2021-08-27 14:57:05', '2021-08-27 14:57:05'),
(58, 25, 55, '2021-08-27 14:57:05', '2021-08-27 14:57:05'),
(59, 32, 22, '2021-08-27 14:57:05', '2021-08-27 14:57:05'),
(60, 16, 94, '2021-08-27 14:57:05', '2021-08-27 14:57:05'),
(61, 50, 15, '2021-08-27 14:57:05', '2021-08-27 14:57:05'),
(62, 48, 44, '2021-08-27 14:57:05', '2021-08-27 14:57:05'),
(63, 8, 36, '2021-08-27 14:57:05', '2021-08-27 14:57:05'),
(64, 11, 33, '2021-08-27 14:57:05', '2021-08-27 14:57:05'),
(65, 26, 59, '2021-08-27 14:57:05', '2021-08-27 14:57:05'),
(66, 15, 25, '2021-08-27 14:57:05', '2021-08-27 14:57:05'),
(67, 50, 27, '2021-08-27 14:57:05', '2021-08-27 14:57:05'),
(68, 49, 63, '2021-08-27 14:57:05', '2021-08-27 14:57:05'),
(69, 31, 97, '2021-08-27 14:57:05', '2021-08-27 14:57:05'),
(70, 11, 51, '2021-08-27 14:57:05', '2021-08-27 14:57:05'),
(71, 35, 10, '2021-08-27 14:57:05', '2021-08-27 14:57:05'),
(72, 5, 95, '2021-08-27 14:57:05', '2021-08-27 14:57:05'),
(73, 11, 41, '2021-08-27 14:57:05', '2021-08-27 14:57:05'),
(74, 34, 10, '2021-08-27 14:57:05', '2021-08-27 14:57:05'),
(75, 26, 83, '2021-08-27 14:57:05', '2021-08-27 14:57:05'),
(76, 41, 16, '2021-08-27 14:57:05', '2021-08-27 14:57:05'),
(77, 50, 26, '2021-08-27 14:57:05', '2021-08-27 14:57:05'),
(78, 32, 30, '2021-08-27 14:57:05', '2021-08-27 14:57:05'),
(79, 34, 11, '2021-08-27 14:57:05', '2021-08-27 14:57:05'),
(80, 23, 47, '2021-08-27 14:57:05', '2021-08-27 14:57:05'),
(81, 48, 31, '2021-08-27 14:57:05', '2021-08-27 14:57:05'),
(82, 16, 91, '2021-08-27 14:57:05', '2021-08-27 14:57:05'),
(83, 34, 9, '2021-08-27 14:57:05', '2021-08-27 14:57:05'),
(84, 31, 55, '2021-08-27 14:57:05', '2021-08-27 14:57:05'),
(85, 7, 43, '2021-08-27 14:57:05', '2021-08-27 14:57:05'),
(86, 45, 55, '2021-08-27 14:57:05', '2021-08-27 14:57:05'),
(87, 1, 28, '2021-08-27 14:57:05', '2021-08-27 14:57:05'),
(88, 48, 34, '2021-08-27 14:57:05', '2021-08-27 14:57:05'),
(89, 41, 3, '2021-08-27 14:57:05', '2021-08-27 14:57:05'),
(90, 3, 28, '2021-08-27 14:57:05', '2021-08-27 14:57:05'),
(91, 49, 16, '2021-08-27 14:57:05', '2021-08-27 14:57:05'),
(92, 18, 61, '2021-08-27 14:57:05', '2021-08-27 14:57:05'),
(93, 4, 64, '2021-08-27 14:57:05', '2021-08-27 14:57:05'),
(94, 36, 49, '2021-08-27 14:57:05', '2021-08-27 14:57:05'),
(95, 41, 1, '2021-08-27 14:57:05', '2021-08-27 14:57:05'),
(96, 21, 62, '2021-08-27 14:57:05', '2021-08-27 14:57:05'),
(97, 6, 28, '2021-08-27 14:57:05', '2021-08-27 14:57:05'),
(98, 31, 28, '2021-08-27 14:57:05', '2021-08-27 14:57:05'),
(99, 48, 25, '2021-08-27 14:57:05', '2021-08-27 14:57:05'),
(100, 40, 19, '2021-08-27 14:57:05', '2021-08-27 14:57:05');

INSERT INTO `cities` (`id`, `name`, `created_at`, `updated_at`) VALUES
(1, 'Rollinton', '2021-08-27 14:57:03', '2021-08-27 14:57:03'),
(2, 'East Aidenfurt', '2021-08-27 14:57:03', '2021-08-27 14:57:03'),
(3, 'Waltonton', '2021-08-27 14:57:03', '2021-08-27 14:57:03'),
(4, 'Lake Emeliemouth', '2021-08-27 14:57:03', '2021-08-27 14:57:03'),
(5, 'Silasport', '2021-08-27 14:57:03', '2021-08-27 14:57:03'),
(6, 'North Blaze', '2021-08-27 14:57:03', '2021-08-27 14:57:03'),
(7, 'Richmondbury', '2021-08-27 14:57:03', '2021-08-27 14:57:03'),
(8, 'Vicentabury', '2021-08-27 14:57:04', '2021-08-27 14:57:04'),
(9, 'Port Ayla', '2021-08-27 14:57:04', '2021-08-27 14:57:04'),
(10, 'Pedroport', '2021-08-27 14:57:04', '2021-08-27 14:57:04'),
(11, 'Samanthaberg', '2021-08-27 14:57:04', '2021-08-27 14:57:04'),
(12, 'Larsonfort', '2021-08-27 14:57:04', '2021-08-27 14:57:04'),
(13, 'Padbergburgh', '2021-08-27 14:57:04', '2021-08-27 14:57:04'),
(14, 'Marcoburgh', '2021-08-27 14:57:04', '2021-08-27 14:57:04'),
(15, 'Heidenreichmouth', '2021-08-27 14:57:04', '2021-08-27 14:57:04'),
(16, 'Marilynestad', '2021-08-27 14:57:04', '2021-08-27 14:57:04'),
(17, 'Anyafort', '2021-08-27 14:57:04', '2021-08-27 14:57:04'),
(18, 'Buckridgestad', '2021-08-27 14:57:04', '2021-08-27 14:57:04'),
(19, 'North Leannburgh', '2021-08-27 14:57:04', '2021-08-27 14:57:04'),
(20, 'North Toreyborough', '2021-08-27 14:57:04', '2021-08-27 14:57:04'),
(21, 'North Natalia', '2021-08-27 14:57:04', '2021-08-27 14:57:04'),
(22, 'New Melissa', '2021-08-27 14:57:04', '2021-08-27 14:57:04'),
(23, 'New Tressamouth', '2021-08-27 14:57:04', '2021-08-27 14:57:04'),
(24, 'South Jan', '2021-08-27 14:57:04', '2021-08-27 14:57:04'),
(25, 'Gustview', '2021-08-27 14:57:04', '2021-08-27 14:57:04'),
(26, 'Kalebhaven', '2021-08-27 14:57:04', '2021-08-27 14:57:04'),
(27, 'North Oletaton', '2021-08-27 14:57:04', '2021-08-27 14:57:04'),
(28, 'New Khalilfort', '2021-08-27 14:57:04', '2021-08-27 14:57:04'),
(29, 'East Brandt', '2021-08-27 14:57:04', '2021-08-27 14:57:04'),
(30, 'Rosenbaumtown', '2021-08-27 14:57:04', '2021-08-27 14:57:04'),
(31, 'Toymouth', '2021-08-27 14:57:04', '2021-08-27 14:57:04'),
(32, 'Stromanburgh', '2021-08-27 14:57:04', '2021-08-27 14:57:04'),
(33, 'West Myrl', '2021-08-27 14:57:04', '2021-08-27 14:57:04'),
(34, 'Fannystad', '2021-08-27 14:57:04', '2021-08-27 14:57:04'),
(35, 'South Felton', '2021-08-27 14:57:04', '2021-08-27 14:57:04'),
(36, 'Torranceside', '2021-08-27 14:57:04', '2021-08-27 14:57:04'),
(37, 'Eliasmouth', '2021-08-27 14:57:04', '2021-08-27 14:57:04'),
(38, 'New Jeraldstad', '2021-08-27 14:57:04', '2021-08-27 14:57:04'),
(39, 'West Charity', '2021-08-27 14:57:04', '2021-08-27 14:57:04'),
(40, 'Hyattstad', '2021-08-27 14:57:04', '2021-08-27 14:57:04'),
(41, 'West Palmaview', '2021-08-27 14:57:04', '2021-08-27 14:57:04'),
(42, 'New Oranhaven', '2021-08-27 14:57:04', '2021-08-27 14:57:04'),
(43, 'East Rhianna', '2021-08-27 14:57:04', '2021-08-27 14:57:04'),
(44, 'South Rhiannonside', '2021-08-27 14:57:04', '2021-08-27 14:57:04'),
(45, 'Kiarraton', '2021-08-27 14:57:04', '2021-08-27 14:57:04'),
(46, 'New Eusebiomouth', '2021-08-27 14:57:04', '2021-08-27 14:57:04'),
(47, 'Lillianhaven', '2021-08-27 14:57:04', '2021-08-27 14:57:04'),
(48, 'Kubton', '2021-08-27 14:57:04', '2021-08-27 14:57:04'),
(49, 'Runolfssontown', '2021-08-27 14:57:04', '2021-08-27 14:57:04'),
(50, 'New Candiceburgh', '2021-08-27 14:57:04', '2021-08-27 14:57:04'),
(51, 'West Antoinettemouth', '2021-08-27 14:57:04', '2021-08-27 14:57:04'),
(52, 'Kendraport', '2021-08-27 14:57:04', '2021-08-27 14:57:04'),
(53, 'Luciennechester', '2021-08-27 14:57:04', '2021-08-27 14:57:04'),
(54, 'New Mathias', '2021-08-27 14:57:04', '2021-08-27 14:57:04'),
(55, 'Lueilwitzmouth', '2021-08-27 14:57:04', '2021-08-27 14:57:04'),
(56, 'Tristonmouth', '2021-08-27 14:57:04', '2021-08-27 14:57:04'),
(57, 'Camillamouth', '2021-08-27 14:57:04', '2021-08-27 14:57:04'),
(58, 'West Alexandreastad', '2021-08-27 14:57:04', '2021-08-27 14:57:04'),
(59, 'Sidchester', '2021-08-27 14:57:04', '2021-08-27 14:57:04'),
(60, 'Deckowside', '2021-08-27 14:57:04', '2021-08-27 14:57:04'),
(61, 'West Kailyn', '2021-08-27 14:57:04', '2021-08-27 14:57:04'),
(62, 'East Kaci', '2021-08-27 14:57:04', '2021-08-27 14:57:04'),
(63, 'South Alfonzo', '2021-08-27 14:57:04', '2021-08-27 14:57:04'),
(64, 'Lake Luisaberg', '2021-08-27 14:57:04', '2021-08-27 14:57:04'),
(65, 'Maziemouth', '2021-08-27 14:57:04', '2021-08-27 14:57:04'),
(66, 'Vadamouth', '2021-08-27 14:57:04', '2021-08-27 14:57:04'),
(67, 'Lake Hank', '2021-08-27 14:57:04', '2021-08-27 14:57:04'),
(68, 'New Waylon', '2021-08-27 14:57:04', '2021-08-27 14:57:04'),
(69, 'Ferrymouth', '2021-08-27 14:57:04', '2021-08-27 14:57:04'),
(70, 'West Lavinia', '2021-08-27 14:57:04', '2021-08-27 14:57:04'),
(71, 'Laurelmouth', '2021-08-27 14:57:04', '2021-08-27 14:57:04'),
(72, 'Jakobview', '2021-08-27 14:57:04', '2021-08-27 14:57:04'),
(73, 'Madelineberg', '2021-08-27 14:57:04', '2021-08-27 14:57:04'),
(74, 'West Ayana', '2021-08-27 14:57:04', '2021-08-27 14:57:04'),
(75, 'Jettieborough', '2021-08-27 14:57:04', '2021-08-27 14:57:04'),
(76, 'Mackenziemouth', '2021-08-27 14:57:04', '2021-08-27 14:57:04'),
(77, 'Parkerberg', '2021-08-27 14:57:04', '2021-08-27 14:57:04'),
(78, 'Vitachester', '2021-08-27 14:57:04', '2021-08-27 14:57:04'),
(79, 'Coleborough', '2021-08-27 14:57:04', '2021-08-27 14:57:04'),
(80, 'Lake Frederickville', '2021-08-27 14:57:04', '2021-08-27 14:57:04'),
(81, 'New Amyaport', '2021-08-27 14:57:04', '2021-08-27 14:57:04'),
(82, 'Ignacioview', '2021-08-27 14:57:04', '2021-08-27 14:57:04'),
(83, 'Lake Willis', '2021-08-27 14:57:04', '2021-08-27 14:57:04'),
(84, 'New Bridie', '2021-08-27 14:57:04', '2021-08-27 14:57:04'),
(85, 'Windlerborough', '2021-08-27 14:57:04', '2021-08-27 14:57:04'),
(86, 'Port Issac', '2021-08-27 14:57:04', '2021-08-27 14:57:04'),
(87, 'Jermainside', '2021-08-27 14:57:04', '2021-08-27 14:57:04'),
(88, 'Donnellyburgh', '2021-08-27 14:57:04', '2021-08-27 14:57:04'),
(89, 'Klingberg', '2021-08-27 14:57:04', '2021-08-27 14:57:04'),
(90, 'North Chad', '2021-08-27 14:57:04', '2021-08-27 14:57:04'),
(91, 'South Oleta', '2021-08-27 14:57:04', '2021-08-27 14:57:04'),
(92, 'Dietrichberg', '2021-08-27 14:57:04', '2021-08-27 14:57:04'),
(93, 'Bednarton', '2021-08-27 14:57:04', '2021-08-27 14:57:04'),
(94, 'Johnton', '2021-08-27 14:57:04', '2021-08-27 14:57:04'),
(95, 'Kaitlynton', '2021-08-27 14:57:04', '2021-08-27 14:57:04'),
(96, 'East Jolie', '2021-08-27 14:57:04', '2021-08-27 14:57:04'),
(97, 'East Summerberg', '2021-08-27 14:57:04', '2021-08-27 14:57:04'),
(98, 'Kunzeborough', '2021-08-27 14:57:04', '2021-08-27 14:57:04'),
(99, 'New Drew', '2021-08-27 14:57:04', '2021-08-27 14:57:04'),
(100, 'South Flo', '2021-08-27 14:57:04', '2021-08-27 14:57:04');

INSERT INTO `migrations` (`id`, `migration`, `batch`) VALUES
(1, '2014_10_12_000000_create_users_table', 1),
(2, '2014_10_12_100000_create_password_resets_table', 1),
(3, '2019_08_19_000000_create_failed_jobs_table', 1),
(4, '2019_12_14_000001_create_personal_access_tokens_table', 1),
(5, '2021_08_26_00143_create_cities_table', 1),
(6, '2021_08_26_080142_create_trains_table', 1),
(7, '2021_08_26_080227_create_stations_table', 1),
(8, '2021_08_26_080318_create_carriages_table', 1),
(9, '2021_08_27_071519_create_prices_table', 1),
(10, '2021_08_27_071826_create_routes_table', 1);

INSERT INTO `prices` (`id`, `price`, `carriage_id`, `type`, `created_at`, `updated_at`) VALUES
(1, 99, 43, 'cv', '2021-08-27 14:57:07', '2021-08-27 14:57:07'),
(2, 190, 67, 'cv', '2021-08-27 14:57:07', '2021-08-27 14:57:07'),
(3, 64, 17, 'cv', '2021-08-27 14:57:07', '2021-08-27 14:57:07'),
(4, 38, 74, 'cv', '2021-08-27 14:57:07', '2021-08-27 14:57:07'),
(5, 71, 21, 'cv', '2021-08-27 14:57:07', '2021-08-27 14:57:07'),
(6, 148, 64, 'cv', '2021-08-27 14:57:07', '2021-08-27 14:57:07'),
(7, 61, 84, 'cv', '2021-08-27 14:57:07', '2021-08-27 14:57:07'),
(8, 92, 99, 'cv', '2021-08-27 14:57:07', '2021-08-27 14:57:07'),
(9, 91, 93, 'cv', '2021-08-27 14:57:07', '2021-08-27 14:57:07'),
(10, 198, 5, 'cv', '2021-08-27 14:57:07', '2021-08-27 14:57:07'),
(11, 48, 80, 'cv', '2021-08-27 14:57:07', '2021-08-27 14:57:07'),
(12, 143, 25, 'cv', '2021-08-27 14:57:07', '2021-08-27 14:57:07'),
(13, 171, 14, 'cv', '2021-08-27 14:57:07', '2021-08-27 14:57:07'),
(14, 142, 56, 'cv', '2021-08-27 14:57:07', '2021-08-27 14:57:07'),
(15, 133, 42, 'cv', '2021-08-27 14:57:07', '2021-08-27 14:57:07'),
(16, 152, 20, 'cv', '2021-08-27 14:57:07', '2021-08-27 14:57:07'),
(17, 69, 15, 'cv', '2021-08-27 14:57:07', '2021-08-27 14:57:07'),
(18, 100, 46, 'cv', '2021-08-27 14:57:07', '2021-08-27 14:57:07'),
(19, 174, 47, 'cv', '2021-08-27 14:57:07', '2021-08-27 14:57:07'),
(20, 137, 61, 'cv', '2021-08-27 14:57:07', '2021-08-27 14:57:07'),
(21, 157, 95, 'cv', '2021-08-27 14:57:07', '2021-08-27 14:57:07'),
(22, 171, 83, 'cv', '2021-08-27 14:57:07', '2021-08-27 14:57:07'),
(23, 5, 36, 'cv', '2021-08-27 14:57:07', '2021-08-27 14:57:07'),
(24, 156, 64, 'cv', '2021-08-27 14:57:07', '2021-08-27 14:57:07'),
(25, 154, 77, 'cv', '2021-08-27 14:57:07', '2021-08-27 14:57:07'),
(26, 95, 50, 'cv', '2021-08-27 14:57:07', '2021-08-27 14:57:07'),
(27, 127, 19, 'cv', '2021-08-27 14:57:07', '2021-08-27 14:57:07'),
(28, 1, 1, 'cv', '2021-08-27 14:57:07', '2021-08-27 14:57:07'),
(29, 152, 31, 'cv', '2021-08-27 14:57:07', '2021-08-27 14:57:07'),
(30, 150, 34, 'cv', '2021-08-27 14:57:07', '2021-08-27 14:57:07'),
(31, 7, 40, 'cv', '2021-08-27 14:57:07', '2021-08-27 14:57:07'),
(32, 184, 49, 'cv', '2021-08-27 14:57:07', '2021-08-27 14:57:07'),
(33, 180, 92, 'cv', '2021-08-27 14:57:07', '2021-08-27 14:57:07'),
(34, 200, 84, 'cv', '2021-08-27 14:57:07', '2021-08-27 14:57:07'),
(35, 62, 27, 'cv', '2021-08-27 14:57:07', '2021-08-27 14:57:07'),
(36, 3, 32, 'cv', '2021-08-27 14:57:07', '2021-08-27 14:57:07'),
(37, 34, 73, 'cv', '2021-08-27 14:57:07', '2021-08-27 14:57:07'),
(38, 90, 97, 'cv', '2021-08-27 14:57:07', '2021-08-27 14:57:07'),
(39, 49, 21, 'cv', '2021-08-27 14:57:07', '2021-08-27 14:57:07'),
(40, 174, 15, 'cv', '2021-08-27 14:57:07', '2021-08-27 14:57:07'),
(41, 118, 55, 'cv', '2021-08-27 14:57:07', '2021-08-27 14:57:07'),
(42, 62, 58, 'cv', '2021-08-27 14:57:07', '2021-08-27 14:57:07'),
(43, 147, 34, 'cv', '2021-08-27 14:57:07', '2021-08-27 14:57:07'),
(44, 168, 6, 'cv', '2021-08-27 14:57:07', '2021-08-27 14:57:07'),
(45, 31, 45, 'cv', '2021-08-27 14:57:07', '2021-08-27 14:57:07'),
(46, 26, 80, 'cv', '2021-08-27 14:57:07', '2021-08-27 14:57:07'),
(47, 126, 22, 'cv', '2021-08-27 14:57:07', '2021-08-27 14:57:07'),
(48, 176, 69, 'cv', '2021-08-27 14:57:07', '2021-08-27 14:57:07'),
(49, 50, 28, 'cv', '2021-08-27 14:57:07', '2021-08-27 14:57:07'),
(50, 151, 48, 'cv', '2021-08-27 14:57:07', '2021-08-27 14:57:07'),
(51, 20, 34, 'cv', '2021-08-27 14:57:07', '2021-08-27 14:57:07'),
(52, 85, 43, 'cv', '2021-08-27 14:57:07', '2021-08-27 14:57:07'),
(53, 7, 87, 'cv', '2021-08-27 14:57:07', '2021-08-27 14:57:07'),
(54, 188, 21, 'cv', '2021-08-27 14:57:07', '2021-08-27 14:57:07'),
(55, 184, 41, 'cv', '2021-08-27 14:57:07', '2021-08-27 14:57:07'),
(56, 189, 47, 'cv', '2021-08-27 14:57:07', '2021-08-27 14:57:07'),
(57, 62, 61, 'cv', '2021-08-27 14:57:07', '2021-08-27 14:57:07'),
(58, 14, 14, 'cv', '2021-08-27 14:57:07', '2021-08-27 14:57:07'),
(59, 143, 93, 'cv', '2021-08-27 14:57:07', '2021-08-27 14:57:07'),
(60, 45, 83, 'cv', '2021-08-27 14:57:07', '2021-08-27 14:57:07'),
(61, 34, 48, 'cv', '2021-08-27 14:57:07', '2021-08-27 14:57:07'),
(62, 153, 40, 'cv', '2021-08-27 14:57:07', '2021-08-27 14:57:07'),
(63, 18, 66, 'cv', '2021-08-27 14:57:07', '2021-08-27 14:57:07'),
(64, 6, 30, 'cv', '2021-08-27 14:57:07', '2021-08-27 14:57:07'),
(65, 143, 83, 'cv', '2021-08-27 14:57:07', '2021-08-27 14:57:07'),
(66, 150, 26, 'cv', '2021-08-27 14:57:07', '2021-08-27 14:57:07'),
(67, 172, 31, 'cv', '2021-08-27 14:57:07', '2021-08-27 14:57:07'),
(68, 174, 17, 'cv', '2021-08-27 14:57:07', '2021-08-27 14:57:07'),
(69, 177, 41, 'cv', '2021-08-27 14:57:07', '2021-08-27 14:57:07'),
(70, 40, 44, 'cv', '2021-08-27 14:57:07', '2021-08-27 14:57:07'),
(71, 133, 4, 'cv', '2021-08-27 14:57:07', '2021-08-27 14:57:07'),
(72, 145, 74, 'cv', '2021-08-27 14:57:07', '2021-08-27 14:57:07'),
(73, 72, 93, 'cv', '2021-08-27 14:57:07', '2021-08-27 14:57:07'),
(74, 71, 76, 'cv', '2021-08-27 14:57:07', '2021-08-27 14:57:07'),
(75, 175, 55, 'cv', '2021-08-27 14:57:07', '2021-08-27 14:57:07'),
(76, 180, 71, 'cv', '2021-08-27 14:57:07', '2021-08-27 14:57:07'),
(77, 43, 99, 'cv', '2021-08-27 14:57:07', '2021-08-27 14:57:07'),
(78, 152, 30, 'cv', '2021-08-27 14:57:07', '2021-08-27 14:57:07'),
(79, 180, 82, 'cv', '2021-08-27 14:57:07', '2021-08-27 14:57:07'),
(80, 172, 42, 'cv', '2021-08-27 14:57:07', '2021-08-27 14:57:07'),
(81, 47, 9, 'cv', '2021-08-27 14:57:07', '2021-08-27 14:57:07'),
(82, 173, 12, 'cv', '2021-08-27 14:57:07', '2021-08-27 14:57:07'),
(83, 197, 25, 'cv', '2021-08-27 14:57:07', '2021-08-27 14:57:07'),
(84, 128, 46, 'cv', '2021-08-27 14:57:07', '2021-08-27 14:57:07'),
(85, 129, 14, 'cv', '2021-08-27 14:57:07', '2021-08-27 14:57:07'),
(86, 84, 95, 'cv', '2021-08-27 14:57:07', '2021-08-27 14:57:07'),
(87, 123, 49, 'cv', '2021-08-27 14:57:07', '2021-08-27 14:57:07'),
(88, 171, 89, 'cv', '2021-08-27 14:57:07', '2021-08-27 14:57:07'),
(89, 101, 12, 'cv', '2021-08-27 14:57:07', '2021-08-27 14:57:07'),
(90, 55, 75, 'cv', '2021-08-27 14:57:07', '2021-08-27 14:57:07'),
(91, 186, 58, 'cv', '2021-08-27 14:57:07', '2021-08-27 14:57:07'),
(92, 159, 44, 'cv', '2021-08-27 14:57:07', '2021-08-27 14:57:07'),
(93, 14, 13, 'cv', '2021-08-27 14:57:07', '2021-08-27 14:57:07'),
(94, 106, 22, 'cv', '2021-08-27 14:57:07', '2021-08-27 14:57:07'),
(95, 187, 22, 'cv', '2021-08-27 14:57:07', '2021-08-27 14:57:07'),
(96, 88, 72, 'cv', '2021-08-27 14:57:07', '2021-08-27 14:57:07'),
(97, 36, 90, 'cv', '2021-08-27 14:57:07', '2021-08-27 14:57:07'),
(98, 72, 42, 'cv', '2021-08-27 14:57:07', '2021-08-27 14:57:07'),
(99, 178, 49, 'cv', '2021-08-27 14:57:07', '2021-08-27 14:57:07'),
(100, 100, 4, 'cv', '2021-08-27 14:57:07', '2021-08-27 14:57:07');

INSERT INTO `routes` (`id`, `train_id`, `departure_station`, `arrival_station`, `departure_time`, `arrival_time`, `road_time`, `created_at`, `updated_at`) VALUES
(1, 38, 60, 78, '2001-11-07 11:31:27', '2014-09-13 15:01:16', '2012-03-18 04:10:32', '2021-08-27 14:57:06', '2021-08-27 14:57:06'),
(2, 91, 50, 82, '1981-09-09 16:53:21', '2007-08-29 09:20:46', '1980-11-18 00:25:14', '2021-08-27 14:57:06', '2021-08-27 14:57:06'),
(3, 23, 25, 39, '2012-03-06 01:35:14', '1977-12-22 18:36:41', '2013-01-01 02:07:08', '2021-08-27 14:57:06', '2021-08-27 14:57:06'),
(4, 77, 98, 14, '1982-05-14 03:25:52', '1990-11-23 22:16:53', '2012-08-15 19:12:32', '2021-08-27 14:57:06', '2021-08-27 14:57:06'),
(5, 34, 57, 3, '1986-01-14 06:20:18', '2019-03-04 11:09:48', '2016-12-01 03:35:36', '2021-08-27 14:57:06', '2021-08-27 14:57:06'),
(6, 29, 73, 30, '1982-11-19 02:47:53', '1971-06-09 10:00:07', '1997-06-27 17:48:56', '2021-08-27 14:57:06', '2021-08-27 14:57:06'),
(7, 82, 83, 23, '1992-12-22 21:13:35', '1993-01-29 12:44:53', '1986-11-14 02:59:04', '2021-08-27 14:57:06', '2021-08-27 14:57:06'),
(8, 75, 73, 100, '1971-12-05 13:14:07', '2002-04-07 00:37:58', '1982-10-31 01:03:09', '2021-08-27 14:57:06', '2021-08-27 14:57:06'),
(9, 69, 63, 98, '2015-05-13 21:59:39', '1994-05-12 17:13:11', '2010-12-07 05:54:44', '2021-08-27 14:57:06', '2021-08-27 14:57:06'),
(10, 6, 77, 68, '2004-10-07 10:26:27', '1989-09-05 16:03:40', '2003-06-04 01:51:36', '2021-08-27 14:57:06', '2021-08-27 14:57:06'),
(11, 95, 9, 53, '2004-05-27 09:39:39', '1995-12-13 09:58:18', '1997-06-04 18:07:35', '2021-08-27 14:57:06', '2021-08-27 14:57:06'),
(12, 12, 53, 96, '1984-07-19 12:43:11', '2020-02-09 15:40:38', '1990-06-19 05:48:40', '2021-08-27 14:57:06', '2021-08-27 14:57:06'),
(13, 70, 83, 87, '2007-08-30 09:09:13', '2013-08-23 23:13:19', '1971-04-25 12:32:14', '2021-08-27 14:57:06', '2021-08-27 14:57:06'),
(14, 68, 38, 49, '1997-12-27 04:33:56', '2020-07-11 16:46:20', '2000-10-28 09:13:52', '2021-08-27 14:57:06', '2021-08-27 14:57:06'),
(15, 84, 13, 13, '2001-06-07 07:29:12', '2002-06-19 18:17:51', '1991-07-26 12:46:05', '2021-08-27 14:57:06', '2021-08-27 14:57:06'),
(16, 78, 15, 92, '2015-10-26 00:25:10', '2019-12-21 19:51:26', '1997-10-26 07:58:40', '2021-08-27 14:57:06', '2021-08-27 14:57:06'),
(17, 11, 43, 68, '1987-09-30 04:27:30', '1972-08-20 02:59:17', '1992-03-30 03:08:15', '2021-08-27 14:57:06', '2021-08-27 14:57:06'),
(18, 55, 1, 69, '2021-05-16 21:29:43', '2014-04-13 01:00:59', '2008-01-21 07:41:12', '2021-08-27 14:57:06', '2021-08-27 14:57:06'),
(19, 98, 32, 49, '1984-12-27 17:36:56', '1999-01-11 13:17:29', '2010-03-24 12:05:56', '2021-08-27 14:57:06', '2021-08-27 14:57:06'),
(20, 75, 50, 35, '1982-10-30 07:05:24', '1975-05-01 02:04:04', '1972-09-03 17:26:06', '2021-08-27 14:57:06', '2021-08-27 14:57:06'),
(21, 100, 50, 64, '2014-03-24 19:28:51', '1975-06-26 07:53:46', '1999-07-14 19:37:12', '2021-08-27 14:57:06', '2021-08-27 14:57:06'),
(22, 43, 69, 70, '1976-09-15 00:36:07', '2012-08-06 12:56:40', '1996-12-06 15:21:16', '2021-08-27 14:57:06', '2021-08-27 14:57:06'),
(23, 6, 25, 21, '2003-06-22 00:48:03', '2005-12-15 06:19:39', '2000-04-21 11:28:44', '2021-08-27 14:57:06', '2021-08-27 14:57:06'),
(24, 37, 66, 84, '2018-09-18 03:07:58', '2002-06-20 22:02:16', '2000-05-11 21:48:09', '2021-08-27 14:57:06', '2021-08-27 14:57:06'),
(25, 79, 92, 37, '1975-03-29 07:31:42', '2005-08-16 08:46:48', '1975-10-28 02:12:45', '2021-08-27 14:57:06', '2021-08-27 14:57:06'),
(26, 26, 85, 71, '1972-06-27 15:11:34', '1976-02-21 20:40:32', '1986-09-22 18:41:57', '2021-08-27 14:57:06', '2021-08-27 14:57:06'),
(27, 88, 74, 80, '1996-06-20 21:09:23', '1997-08-24 22:19:06', '1998-09-03 13:23:53', '2021-08-27 14:57:06', '2021-08-27 14:57:06'),
(28, 11, 81, 84, '1980-06-28 06:35:07', '1999-07-17 18:02:38', '1993-10-11 08:29:23', '2021-08-27 14:57:06', '2021-08-27 14:57:06'),
(29, 22, 26, 11, '2015-03-22 19:12:05', '1999-12-30 13:43:39', '1972-04-22 03:33:32', '2021-08-27 14:57:06', '2021-08-27 14:57:06'),
(30, 69, 23, 70, '2004-12-06 01:33:20', '1996-06-06 10:01:08', '2013-03-17 02:06:02', '2021-08-27 14:57:06', '2021-08-27 14:57:06'),
(31, 6, 84, 17, '2007-04-12 03:15:53', '1994-05-19 01:10:28', '2000-06-14 08:07:40', '2021-08-27 14:57:06', '2021-08-27 14:57:06'),
(32, 25, 77, 100, '1979-12-12 06:57:50', '2018-12-03 10:50:47', '1992-05-16 11:20:56', '2021-08-27 14:57:06', '2021-08-27 14:57:06'),
(33, 93, 26, 75, '2012-04-11 13:36:51', '2013-03-02 03:15:56', '1978-10-12 05:41:01', '2021-08-27 14:57:06', '2021-08-27 14:57:06'),
(34, 43, 6, 19, '2006-08-14 22:23:11', '2020-08-05 04:23:02', '1974-01-11 03:01:45', '2021-08-27 14:57:06', '2021-08-27 14:57:06'),
(35, 69, 54, 95, '1980-09-01 00:50:08', '1972-10-27 04:15:22', '2005-11-27 20:50:22', '2021-08-27 14:57:06', '2021-08-27 14:57:06'),
(36, 28, 98, 21, '1993-01-09 13:21:26', '1973-08-24 17:43:01', '2015-05-23 13:26:27', '2021-08-27 14:57:06', '2021-08-27 14:57:06'),
(37, 48, 57, 31, '2011-12-19 13:53:30', '1984-05-27 03:27:20', '1991-04-27 22:24:11', '2021-08-27 14:57:06', '2021-08-27 14:57:06'),
(38, 56, 98, 68, '2016-05-11 23:35:38', '2007-11-12 06:57:29', '1981-07-25 18:27:14', '2021-08-27 14:57:06', '2021-08-27 14:57:06'),
(39, 23, 1, 10, '1976-11-15 11:17:15', '1976-09-13 22:31:17', '1985-10-19 06:41:55', '2021-08-27 14:57:06', '2021-08-27 14:57:06'),
(40, 18, 49, 13, '1998-03-11 18:24:03', '2000-08-25 17:45:30', '2012-04-29 04:32:11', '2021-08-27 14:57:06', '2021-08-27 14:57:06'),
(41, 13, 59, 39, '1988-04-10 04:24:37', '1993-04-10 21:44:17', '1998-05-06 00:58:59', '2021-08-27 14:57:06', '2021-08-27 14:57:06'),
(42, 58, 44, 57, '1992-10-16 01:49:30', '2002-02-03 18:42:22', '2007-09-19 17:27:47', '2021-08-27 14:57:06', '2021-08-27 14:57:06'),
(43, 82, 11, 7, '1970-06-15 10:46:32', '2011-09-12 19:12:29', '1995-11-06 04:35:24', '2021-08-27 14:57:06', '2021-08-27 14:57:06'),
(44, 52, 39, 20, '1981-04-01 13:30:44', '1999-11-22 10:39:52', '1978-11-13 06:48:38', '2021-08-27 14:57:06', '2021-08-27 14:57:06'),
(45, 42, 18, 96, '2016-05-06 06:24:09', '1973-05-01 10:12:01', '2014-05-05 16:43:14', '2021-08-27 14:57:06', '2021-08-27 14:57:06'),
(46, 73, 18, 33, '1996-07-14 02:35:44', '1995-10-24 12:48:42', '1984-11-01 04:49:05', '2021-08-27 14:57:06', '2021-08-27 14:57:06'),
(47, 23, 61, 51, '1977-02-23 16:03:06', '1992-02-29 13:04:43', '1999-08-14 00:11:58', '2021-08-27 14:57:06', '2021-08-27 14:57:06'),
(48, 84, 15, 45, '1994-03-07 17:38:41', '1990-05-16 05:28:19', '2004-09-06 14:50:09', '2021-08-27 14:57:06', '2021-08-27 14:57:06'),
(49, 23, 93, 68, '2005-04-23 05:32:27', '1982-03-02 21:55:06', '1991-05-28 13:42:36', '2021-08-27 14:57:06', '2021-08-27 14:57:06'),
(50, 97, 85, 12, '1981-12-15 12:42:57', '1993-04-19 20:18:10', '1985-05-09 12:03:19', '2021-08-27 14:57:06', '2021-08-27 14:57:06'),
(51, 65, 29, 26, '2001-04-01 07:03:46', '1980-11-23 10:10:30', '2018-12-28 16:00:17', '2021-08-27 14:57:06', '2021-08-27 14:57:06'),
(52, 91, 45, 61, '1991-03-18 02:41:48', '1975-02-23 19:42:39', '1984-06-27 21:30:34', '2021-08-27 14:57:06', '2021-08-27 14:57:06'),
(53, 62, 18, 5, '2000-09-14 14:18:47', '1994-10-31 05:28:44', '1971-12-03 19:50:19', '2021-08-27 14:57:06', '2021-08-27 14:57:06'),
(54, 19, 50, 25, '1999-12-17 05:16:35', '1991-02-13 14:24:27', '1986-02-11 23:47:29', '2021-08-27 14:57:06', '2021-08-27 14:57:06'),
(55, 54, 97, 85, '2011-08-21 18:06:44', '1980-10-13 01:45:36', '1970-09-12 10:44:42', '2021-08-27 14:57:06', '2021-08-27 14:57:06'),
(56, 36, 92, 11, '2017-02-17 01:10:22', '2016-04-21 07:41:09', '2010-01-29 14:50:20', '2021-08-27 14:57:06', '2021-08-27 14:57:06'),
(57, 6, 51, 54, '1971-02-20 21:37:17', '2019-02-14 00:36:04', '1991-08-06 06:16:24', '2021-08-27 14:57:06', '2021-08-27 14:57:06'),
(58, 47, 1, 94, '1975-12-18 16:59:17', '2021-04-04 03:48:30', '1993-11-10 13:01:03', '2021-08-27 14:57:06', '2021-08-27 14:57:06'),
(59, 80, 55, 31, '1994-01-15 07:35:55', '1998-10-04 22:14:32', '2004-06-12 20:55:16', '2021-08-27 14:57:06', '2021-08-27 14:57:06'),
(60, 43, 43, 62, '1993-02-15 04:18:36', '1972-10-07 05:23:36', '1983-12-03 00:59:26', '2021-08-27 14:57:06', '2021-08-27 14:57:06'),
(61, 68, 81, 3, '1970-02-08 14:39:54', '1997-04-22 08:30:12', '2002-05-24 05:08:19', '2021-08-27 14:57:06', '2021-08-27 14:57:06'),
(62, 23, 22, 22, '1972-11-20 10:01:29', '1971-06-03 06:40:15', '1983-08-29 07:09:31', '2021-08-27 14:57:06', '2021-08-27 14:57:06'),
(63, 56, 100, 77, '2002-06-16 07:55:23', '2014-09-18 18:54:10', '1990-08-15 09:49:34', '2021-08-27 14:57:06', '2021-08-27 14:57:06'),
(64, 99, 86, 32, '1996-10-19 00:52:26', '2012-05-06 13:13:08', '2009-11-27 09:33:07', '2021-08-27 14:57:06', '2021-08-27 14:57:06'),
(65, 47, 88, 51, '2001-07-01 11:29:22', '2000-09-12 08:55:46', '2005-07-02 22:43:02', '2021-08-27 14:57:06', '2021-08-27 14:57:06'),
(66, 2, 43, 20, '1978-02-05 18:28:55', '1979-02-02 21:22:20', '2019-08-15 16:28:14', '2021-08-27 14:57:06', '2021-08-27 14:57:06'),
(67, 11, 61, 55, '1976-07-11 04:42:20', '2021-04-22 16:10:34', '1995-05-02 17:51:16', '2021-08-27 14:57:06', '2021-08-27 14:57:06'),
(68, 68, 10, 80, '1983-06-09 23:04:32', '1970-02-17 22:16:44', '2017-07-23 07:24:25', '2021-08-27 14:57:06', '2021-08-27 14:57:06'),
(69, 93, 89, 17, '1994-11-19 22:44:36', '2020-04-13 17:46:05', '1985-12-21 08:49:39', '2021-08-27 14:57:06', '2021-08-27 14:57:06'),
(70, 91, 82, 13, '1992-08-21 04:25:22', '1988-08-30 14:02:29', '2021-04-01 05:10:21', '2021-08-27 14:57:06', '2021-08-27 14:57:06'),
(71, 58, 38, 34, '2014-07-25 04:05:47', '2001-08-31 18:54:49', '1984-07-08 09:58:27', '2021-08-27 14:57:06', '2021-08-27 14:57:06'),
(72, 85, 5, 38, '1991-02-15 12:48:06', '1992-12-30 19:17:19', '1986-01-31 20:44:43', '2021-08-27 14:57:06', '2021-08-27 14:57:06'),
(73, 37, 29, 54, '2003-06-06 17:09:18', '1984-09-09 21:51:06', '2003-10-03 10:32:00', '2021-08-27 14:57:06', '2021-08-27 14:57:06'),
(74, 22, 76, 82, '1988-05-23 20:26:27', '2005-07-20 23:29:09', '1978-12-27 14:51:11', '2021-08-27 14:57:06', '2021-08-27 14:57:06'),
(75, 25, 8, 84, '1981-09-05 22:55:48', '2006-11-25 13:51:06', '1970-01-17 02:56:54', '2021-08-27 14:57:06', '2021-08-27 14:57:06'),
(76, 48, 63, 29, '2016-12-24 11:22:55', '2005-12-26 00:34:00', '2015-08-22 22:01:06', '2021-08-27 14:57:06', '2021-08-27 14:57:06'),
(77, 21, 41, 87, '2010-12-10 16:57:40', '1995-05-22 04:03:22', '2000-10-29 10:37:49', '2021-08-27 14:57:06', '2021-08-27 14:57:06'),
(78, 91, 93, 67, '1989-02-03 08:10:55', '1981-11-09 22:38:21', '1984-01-27 19:24:49', '2021-08-27 14:57:06', '2021-08-27 14:57:06'),
(79, 68, 70, 94, '2003-07-18 14:24:51', '1990-05-13 14:42:11', '1989-09-22 01:22:26', '2021-08-27 14:57:06', '2021-08-27 14:57:06'),
(80, 89, 3, 21, '2006-07-07 02:25:43', '1983-04-01 12:02:25', '2005-03-19 06:45:07', '2021-08-27 14:57:06', '2021-08-27 14:57:06'),
(81, 83, 33, 16, '1994-05-07 20:37:10', '2010-01-30 06:50:06', '2005-05-02 22:23:18', '2021-08-27 14:57:06', '2021-08-27 14:57:06'),
(82, 50, 69, 33, '2005-04-23 01:36:52', '2013-10-21 03:53:02', '2016-01-13 03:12:09', '2021-08-27 14:57:06', '2021-08-27 14:57:06'),
(83, 81, 32, 38, '2016-03-07 17:37:08', '1981-08-21 02:49:32', '1974-01-03 11:19:05', '2021-08-27 14:57:06', '2021-08-27 14:57:06'),
(84, 71, 85, 69, '2015-12-08 04:13:58', '1997-06-29 23:16:32', '2002-01-03 08:35:48', '2021-08-27 14:57:06', '2021-08-27 14:57:06'),
(85, 82, 22, 3, '2000-11-05 18:46:31', '1977-03-07 18:27:05', '1972-05-01 21:16:21', '2021-08-27 14:57:06', '2021-08-27 14:57:06'),
(86, 16, 82, 20, '1991-12-21 07:37:36', '2008-12-28 20:36:33', '2019-12-01 03:59:53', '2021-08-27 14:57:06', '2021-08-27 14:57:06'),
(87, 63, 21, 68, '2015-11-24 04:42:41', '1989-02-18 18:09:18', '1996-02-19 16:41:55', '2021-08-27 14:57:07', '2021-08-27 14:57:07'),
(88, 2, 23, 5, '2019-10-07 14:27:55', '2012-02-10 12:07:06', '2009-02-28 11:00:08', '2021-08-27 14:57:07', '2021-08-27 14:57:07'),
(89, 97, 5, 97, '1972-03-22 21:44:32', '2008-01-02 18:13:08', '2015-08-18 20:25:40', '2021-08-27 14:57:07', '2021-08-27 14:57:07'),
(90, 76, 49, 3, '1973-10-05 08:45:54', '2008-09-13 05:21:23', '2010-11-04 12:58:31', '2021-08-27 14:57:07', '2021-08-27 14:57:07'),
(91, 68, 40, 20, '2019-02-22 04:07:46', '2019-07-24 00:08:27', '1997-01-14 12:28:39', '2021-08-27 14:57:07', '2021-08-27 14:57:07'),
(92, 89, 20, 68, '1972-08-26 19:44:01', '2002-08-23 12:56:05', '1975-05-21 10:14:32', '2021-08-27 14:57:07', '2021-08-27 14:57:07'),
(93, 88, 69, 56, '2001-12-20 12:58:33', '1982-06-06 05:57:28', '2001-06-18 15:43:34', '2021-08-27 14:57:07', '2021-08-27 14:57:07'),
(94, 73, 12, 15, '2006-06-11 04:11:51', '1972-03-21 14:44:33', '1979-10-22 03:46:30', '2021-08-27 14:57:07', '2021-08-27 14:57:07'),
(95, 72, 99, 40, '1973-05-04 22:42:59', '1970-03-14 13:17:36', '1999-04-30 05:44:52', '2021-08-27 14:57:07', '2021-08-27 14:57:07'),
(96, 62, 90, 82, '1989-10-02 07:12:49', '1979-07-25 06:44:40', '1985-11-13 21:09:32', '2021-08-27 14:57:07', '2021-08-27 14:57:07'),
(97, 30, 53, 54, '2003-11-28 15:04:59', '1979-07-06 03:19:14', '2021-07-12 11:16:20', '2021-08-27 14:57:07', '2021-08-27 14:57:07'),
(98, 22, 19, 91, '1976-01-10 23:12:00', '2012-02-17 04:37:51', '2009-01-27 05:54:22', '2021-08-27 14:57:07', '2021-08-27 14:57:07'),
(99, 5, 66, 27, '1976-06-08 03:51:23', '2013-08-01 11:27:05', '2016-08-08 18:56:23', '2021-08-27 14:57:07', '2021-08-27 14:57:07'),
(100, 84, 5, 71, '2017-04-16 15:47:28', '2013-07-26 04:38:45', '1977-02-07 17:54:28', '2021-08-27 14:57:07', '2021-08-27 14:57:07');

INSERT INTO `stations` (`id`, `name`, `city_id`, `created_at`, `updated_at`) VALUES
(1, 'Tamara Rath', 68, '2021-08-27 14:57:05', '2021-08-27 14:57:05'),
(2, 'Justina Ondricka', 2, '2021-08-27 14:57:05', '2021-08-27 14:57:05'),
(3, 'Prof. Raymundo Stanton PhD', 73, '2021-08-27 14:57:05', '2021-08-27 14:57:05'),
(4, 'Armando Carroll', 76, '2021-08-27 14:57:05', '2021-08-27 14:57:05'),
(5, 'Madeline Hahn', 77, '2021-08-27 14:57:05', '2021-08-27 14:57:05'),
(6, 'Kenneth Torphy', 87, '2021-08-27 14:57:05', '2021-08-27 14:57:05'),
(7, 'Tyson Cole', 64, '2021-08-27 14:57:05', '2021-08-27 14:57:05'),
(8, 'Summer Little', 87, '2021-08-27 14:57:05', '2021-08-27 14:57:05'),
(9, 'Kade Pacocha', 87, '2021-08-27 14:57:05', '2021-08-27 14:57:05'),
(10, 'Elian Weber PhD', 67, '2021-08-27 14:57:05', '2021-08-27 14:57:05'),
(11, 'Letha Deckow', 17, '2021-08-27 14:57:05', '2021-08-27 14:57:05'),
(12, 'Deion Mann', 75, '2021-08-27 14:57:05', '2021-08-27 14:57:05'),
(13, 'Guillermo Bechtelar DVM', 47, '2021-08-27 14:57:05', '2021-08-27 14:57:05'),
(14, 'Prof. Mikayla White MD', 23, '2021-08-27 14:57:05', '2021-08-27 14:57:05'),
(15, 'Dr. Darien Berge', 91, '2021-08-27 14:57:05', '2021-08-27 14:57:05'),
(16, 'Genoveva Hill', 90, '2021-08-27 14:57:05', '2021-08-27 14:57:05'),
(17, 'Cierra Gleason', 12, '2021-08-27 14:57:05', '2021-08-27 14:57:05'),
(18, 'Miss Bernita Reinger IV', 26, '2021-08-27 14:57:05', '2021-08-27 14:57:05'),
(19, 'Arnaldo Hackett', 37, '2021-08-27 14:57:05', '2021-08-27 14:57:05'),
(20, 'Ms. Myrna VonRueden I', 22, '2021-08-27 14:57:05', '2021-08-27 14:57:05'),
(21, 'Maria Altenwerth PhD', 55, '2021-08-27 14:57:05', '2021-08-27 14:57:05'),
(22, 'Maida Marquardt', 65, '2021-08-27 14:57:05', '2021-08-27 14:57:05'),
(23, 'Verlie Langosh', 60, '2021-08-27 14:57:05', '2021-08-27 14:57:05'),
(24, 'Trinity Bradtke', 77, '2021-08-27 14:57:05', '2021-08-27 14:57:05'),
(25, 'Prof. Ansley Kautzer Sr.', 70, '2021-08-27 14:57:05', '2021-08-27 14:57:05'),
(26, 'Dr. Elbert Klein', 36, '2021-08-27 14:57:05', '2021-08-27 14:57:05'),
(27, 'Winona Mosciski', 6, '2021-08-27 14:57:05', '2021-08-27 14:57:05'),
(28, 'Reva Hackett Sr.', 35, '2021-08-27 14:57:05', '2021-08-27 14:57:05'),
(29, 'Prof. Tad Swift Sr.', 33, '2021-08-27 14:57:05', '2021-08-27 14:57:05'),
(30, 'Jayde Trantow', 42, '2021-08-27 14:57:05', '2021-08-27 14:57:05'),
(31, 'Prof. Arlo Schmeler', 45, '2021-08-27 14:57:05', '2021-08-27 14:57:05'),
(32, 'Kendra Senger', 88, '2021-08-27 14:57:05', '2021-08-27 14:57:05'),
(33, 'Mr. Jessy Davis DDS', 56, '2021-08-27 14:57:05', '2021-08-27 14:57:05'),
(34, 'Mohammad Cronin', 90, '2021-08-27 14:57:05', '2021-08-27 14:57:05'),
(35, 'Mr. Immanuel Dietrich II', 85, '2021-08-27 14:57:05', '2021-08-27 14:57:05'),
(36, 'Sibyl Rice', 31, '2021-08-27 14:57:05', '2021-08-27 14:57:05'),
(37, 'Yazmin Padberg', 63, '2021-08-27 14:57:05', '2021-08-27 14:57:05'),
(38, 'Jerry Macejkovic', 27, '2021-08-27 14:57:05', '2021-08-27 14:57:05'),
(39, 'Adrienne Blick', 67, '2021-08-27 14:57:05', '2021-08-27 14:57:05'),
(40, 'Marjorie Steuber DDS', 91, '2021-08-27 14:57:05', '2021-08-27 14:57:05'),
(41, 'Miss Burnice Sipes III', 49, '2021-08-27 14:57:05', '2021-08-27 14:57:05'),
(42, 'Josue Mante', 27, '2021-08-27 14:57:05', '2021-08-27 14:57:05'),
(43, 'Eleanore Mertz', 77, '2021-08-27 14:57:05', '2021-08-27 14:57:05'),
(44, 'Garth Harber', 99, '2021-08-27 14:57:05', '2021-08-27 14:57:05'),
(45, 'Grayce Konopelski', 80, '2021-08-27 14:57:05', '2021-08-27 14:57:05'),
(46, 'Catherine Kunde', 6, '2021-08-27 14:57:05', '2021-08-27 14:57:05'),
(47, 'Ollie Klein II', 56, '2021-08-27 14:57:05', '2021-08-27 14:57:05'),
(48, 'Albin Hauck', 30, '2021-08-27 14:57:05', '2021-08-27 14:57:05'),
(49, 'Morgan Johnson', 23, '2021-08-27 14:57:05', '2021-08-27 14:57:05'),
(50, 'Mr. Bradley Hoppe', 8, '2021-08-27 14:57:05', '2021-08-27 14:57:05'),
(51, 'Anjali Kilback I', 70, '2021-08-27 14:57:05', '2021-08-27 14:57:05'),
(52, 'Prof. Enola Lynch', 58, '2021-08-27 14:57:05', '2021-08-27 14:57:05'),
(53, 'Braden Von', 68, '2021-08-27 14:57:05', '2021-08-27 14:57:05'),
(54, 'Chadrick Emmerich', 87, '2021-08-27 14:57:05', '2021-08-27 14:57:05'),
(55, 'Unique Rempel', 81, '2021-08-27 14:57:05', '2021-08-27 14:57:05'),
(56, 'Ethyl Borer', 92, '2021-08-27 14:57:05', '2021-08-27 14:57:05'),
(57, 'Randi Weimann', 38, '2021-08-27 14:57:05', '2021-08-27 14:57:05'),
(58, 'Ms. Cara Champlin', 53, '2021-08-27 14:57:05', '2021-08-27 14:57:05'),
(59, 'Eldon Ankunding DDS', 91, '2021-08-27 14:57:05', '2021-08-27 14:57:05'),
(60, 'Gerda Osinski', 53, '2021-08-27 14:57:05', '2021-08-27 14:57:05'),
(61, 'Adeline Stark', 50, '2021-08-27 14:57:05', '2021-08-27 14:57:05'),
(62, 'Mr. Eddie Runolfsdottir', 46, '2021-08-27 14:57:05', '2021-08-27 14:57:05'),
(63, 'Roy Ritchie', 83, '2021-08-27 14:57:05', '2021-08-27 14:57:05'),
(64, 'Ms. Allison Reynolds Jr.', 16, '2021-08-27 14:57:05', '2021-08-27 14:57:05'),
(65, 'Kristofer Murphy', 45, '2021-08-27 14:57:05', '2021-08-27 14:57:05'),
(66, 'Taya Hermann', 23, '2021-08-27 14:57:05', '2021-08-27 14:57:05'),
(67, 'Heidi Pfannerstill', 32, '2021-08-27 14:57:05', '2021-08-27 14:57:05'),
(68, 'Emilia Simonis', 46, '2021-08-27 14:57:05', '2021-08-27 14:57:05'),
(69, 'Terry Padberg IV', 43, '2021-08-27 14:57:05', '2021-08-27 14:57:05'),
(70, 'Dr. Clovis Blanda V', 9, '2021-08-27 14:57:05', '2021-08-27 14:57:05'),
(71, 'Lennie Hills', 50, '2021-08-27 14:57:05', '2021-08-27 14:57:05'),
(72, 'Matteo Mraz', 21, '2021-08-27 14:57:05', '2021-08-27 14:57:05'),
(73, 'Augustus Nitzsche Sr.', 90, '2021-08-27 14:57:05', '2021-08-27 14:57:05'),
(74, 'Demetrius Anderson', 71, '2021-08-27 14:57:05', '2021-08-27 14:57:05'),
(75, 'Pattie Ruecker', 83, '2021-08-27 14:57:05', '2021-08-27 14:57:05'),
(76, 'Kelsi Weimann', 41, '2021-08-27 14:57:05', '2021-08-27 14:57:05'),
(77, 'Marshall Hickle', 70, '2021-08-27 14:57:05', '2021-08-27 14:57:05'),
(78, 'Nicolette Bartell', 78, '2021-08-27 14:57:05', '2021-08-27 14:57:05'),
(79, 'Dr. Jaquan Lowe IV', 94, '2021-08-27 14:57:05', '2021-08-27 14:57:05'),
(80, 'Laurine Senger', 100, '2021-08-27 14:57:05', '2021-08-27 14:57:05'),
(81, 'Audie Wunsch', 85, '2021-08-27 14:57:05', '2021-08-27 14:57:05'),
(82, 'Elmira Swaniawski', 16, '2021-08-27 14:57:05', '2021-08-27 14:57:05'),
(83, 'Prof. Nellie Torphy', 24, '2021-08-27 14:57:05', '2021-08-27 14:57:05'),
(84, 'Gaylord Bechtelar', 47, '2021-08-27 14:57:05', '2021-08-27 14:57:05'),
(85, 'Mr. Gerard Okuneva', 26, '2021-08-27 14:57:05', '2021-08-27 14:57:05'),
(86, 'Jamie Hilpert Sr.', 15, '2021-08-27 14:57:05', '2021-08-27 14:57:05'),
(87, 'Braden Pfannerstill', 69, '2021-08-27 14:57:06', '2021-08-27 14:57:06'),
(88, 'Ms. Liliane Cormier DVM', 32, '2021-08-27 14:57:06', '2021-08-27 14:57:06'),
(89, 'Ms. Lizeth Oberbrunner IV', 42, '2021-08-27 14:57:06', '2021-08-27 14:57:06'),
(90, 'Shania Wiegand', 24, '2021-08-27 14:57:06', '2021-08-27 14:57:06'),
(91, 'Charley Koepp', 38, '2021-08-27 14:57:06', '2021-08-27 14:57:06'),
(92, 'Shad Blick', 6, '2021-08-27 14:57:06', '2021-08-27 14:57:06'),
(93, 'Bertrand O\'Kon Jr.', 36, '2021-08-27 14:57:06', '2021-08-27 14:57:06'),
(94, 'Dr. Chauncey Emard Jr.', 9, '2021-08-27 14:57:06', '2021-08-27 14:57:06'),
(95, 'Enrico Graham', 42, '2021-08-27 14:57:06', '2021-08-27 14:57:06'),
(96, 'Nicklaus Stanton', 17, '2021-08-27 14:57:06', '2021-08-27 14:57:06'),
(97, 'Prof. Narciso Wyman', 13, '2021-08-27 14:57:06', '2021-08-27 14:57:06'),
(98, 'Alyson Wilkinson', 87, '2021-08-27 14:57:06', '2021-08-27 14:57:06'),
(99, 'Alejandrin Hintz', 9, '2021-08-27 14:57:06', '2021-08-27 14:57:06'),
(100, 'Dr. Ray Bogisich MD', 57, '2021-08-27 14:57:06', '2021-08-27 14:57:06');

INSERT INTO `trains` (`id`, `name`, `created_at`, `updated_at`) VALUES
(1, 'Juliet Howell', '2021-08-27 14:57:04', '2021-08-27 14:57:04'),
(2, 'Jazlyn McGlynn', '2021-08-27 14:57:04', '2021-08-27 14:57:04'),
(3, 'Dr. Khalil Feil', '2021-08-27 14:57:04', '2021-08-27 14:57:04'),
(4, 'Ms. Leda Weber MD', '2021-08-27 14:57:04', '2021-08-27 14:57:04'),
(5, 'Mrs. Marian Ratke', '2021-08-27 14:57:04', '2021-08-27 14:57:04'),
(6, 'Claud Mante', '2021-08-27 14:57:04', '2021-08-27 14:57:04'),
(7, 'Dr. Kylee Price II', '2021-08-27 14:57:04', '2021-08-27 14:57:04'),
(8, 'Alberto Kilback', '2021-08-27 14:57:04', '2021-08-27 14:57:04'),
(9, 'Granville Lowe', '2021-08-27 14:57:04', '2021-08-27 14:57:04'),
(10, 'Pattie Olson', '2021-08-27 14:57:04', '2021-08-27 14:57:04'),
(11, 'Dr. Elisabeth Stoltenberg', '2021-08-27 14:57:04', '2021-08-27 14:57:04'),
(12, 'Sharon Pfannerstill PhD', '2021-08-27 14:57:04', '2021-08-27 14:57:04'),
(13, 'Keyon Bechtelar', '2021-08-27 14:57:04', '2021-08-27 14:57:04'),
(14, 'Vinnie Lindgren', '2021-08-27 14:57:04', '2021-08-27 14:57:04'),
(15, 'Jamison Kutch', '2021-08-27 14:57:04', '2021-08-27 14:57:04'),
(16, 'Berniece Kris III', '2021-08-27 14:57:04', '2021-08-27 14:57:04'),
(17, 'Desmond Nikolaus IV', '2021-08-27 14:57:04', '2021-08-27 14:57:04'),
(18, 'Ora Ziemann', '2021-08-27 14:57:04', '2021-08-27 14:57:04'),
(19, 'Tiffany Zulauf', '2021-08-27 14:57:04', '2021-08-27 14:57:04'),
(20, 'Ozella Corkery', '2021-08-27 14:57:04', '2021-08-27 14:57:04'),
(21, 'Prof. Gretchen Schoen DVM', '2021-08-27 14:57:04', '2021-08-27 14:57:04'),
(22, 'Dr. Susanna Larson I', '2021-08-27 14:57:04', '2021-08-27 14:57:04'),
(23, 'Earlene Beier', '2021-08-27 14:57:04', '2021-08-27 14:57:04'),
(24, 'Ada Schneider', '2021-08-27 14:57:04', '2021-08-27 14:57:04'),
(25, 'Mrs. Audreanne Bailey', '2021-08-27 14:57:04', '2021-08-27 14:57:04'),
(26, 'Ms. Marina Altenwerth', '2021-08-27 14:57:04', '2021-08-27 14:57:04'),
(27, 'Raven Grant', '2021-08-27 14:57:04', '2021-08-27 14:57:04'),
(28, 'Mr. Vincenzo Volkman II', '2021-08-27 14:57:04', '2021-08-27 14:57:04'),
(29, 'Ms. Carolyne O\'Keefe V', '2021-08-27 14:57:04', '2021-08-27 14:57:04'),
(30, 'Christop Hartmann', '2021-08-27 14:57:04', '2021-08-27 14:57:04'),
(31, 'Kaya Hand', '2021-08-27 14:57:04', '2021-08-27 14:57:04'),
(32, 'Marjorie Price V', '2021-08-27 14:57:04', '2021-08-27 14:57:04'),
(33, 'Casandra Zboncak III', '2021-08-27 14:57:04', '2021-08-27 14:57:04'),
(34, 'Prof. Abby Stroman', '2021-08-27 14:57:04', '2021-08-27 14:57:04'),
(35, 'Ms. Jammie O\'Keefe PhD', '2021-08-27 14:57:04', '2021-08-27 14:57:04'),
(36, 'Dereck O\'Keefe', '2021-08-27 14:57:04', '2021-08-27 14:57:04'),
(37, 'Prof. Dahlia Roob Sr.', '2021-08-27 14:57:04', '2021-08-27 14:57:04'),
(38, 'Mr. Emmanuel Murphy', '2021-08-27 14:57:04', '2021-08-27 14:57:04'),
(39, 'Solon Lemke', '2021-08-27 14:57:04', '2021-08-27 14:57:04'),
(40, 'Graciela Schimmel', '2021-08-27 14:57:04', '2021-08-27 14:57:04'),
(41, 'Gillian Ratke', '2021-08-27 14:57:04', '2021-08-27 14:57:04'),
(42, 'Prof. Dorthy Gutkowski', '2021-08-27 14:57:04', '2021-08-27 14:57:04'),
(43, 'Maxine Luettgen', '2021-08-27 14:57:04', '2021-08-27 14:57:04'),
(44, 'Afton Schumm', '2021-08-27 14:57:04', '2021-08-27 14:57:04'),
(45, 'Humberto Satterfield', '2021-08-27 14:57:04', '2021-08-27 14:57:04'),
(46, 'Dr. Jarvis Stanton', '2021-08-27 14:57:04', '2021-08-27 14:57:04'),
(47, 'Mabelle Mann MD', '2021-08-27 14:57:04', '2021-08-27 14:57:04'),
(48, 'Ms. Carolanne Ritchie Jr.', '2021-08-27 14:57:04', '2021-08-27 14:57:04'),
(49, 'Marvin Waelchi', '2021-08-27 14:57:04', '2021-08-27 14:57:04'),
(50, 'Hugh Champlin', '2021-08-27 14:57:04', '2021-08-27 14:57:04'),
(51, 'Kara Kautzer', '2021-08-27 14:57:04', '2021-08-27 14:57:04'),
(52, 'Birdie Reichert', '2021-08-27 14:57:04', '2021-08-27 14:57:04'),
(53, 'Antwan Ullrich', '2021-08-27 14:57:04', '2021-08-27 14:57:04'),
(54, 'Magnus Gutkowski III', '2021-08-27 14:57:04', '2021-08-27 14:57:04'),
(55, 'Carolanne Ziemann', '2021-08-27 14:57:04', '2021-08-27 14:57:04'),
(56, 'Colin Abshire MD', '2021-08-27 14:57:04', '2021-08-27 14:57:04'),
(57, 'Zane Bins', '2021-08-27 14:57:04', '2021-08-27 14:57:04'),
(58, 'Darlene Bartoletti Jr.', '2021-08-27 14:57:04', '2021-08-27 14:57:04'),
(59, 'Mrs. Gia Langworth MD', '2021-08-27 14:57:04', '2021-08-27 14:57:04'),
(60, 'Rosalee Conroy', '2021-08-27 14:57:04', '2021-08-27 14:57:04'),
(61, 'Juston McDermott', '2021-08-27 14:57:04', '2021-08-27 14:57:04'),
(62, 'Cristopher Kshlerin III', '2021-08-27 14:57:04', '2021-08-27 14:57:04'),
(63, 'Clementine Swift', '2021-08-27 14:57:04', '2021-08-27 14:57:04'),
(64, 'Vernice Carter', '2021-08-27 14:57:04', '2021-08-27 14:57:04'),
(65, 'Dr. Vincent Green MD', '2021-08-27 14:57:04', '2021-08-27 14:57:04'),
(66, 'Dr. Garret Bergstrom III', '2021-08-27 14:57:04', '2021-08-27 14:57:04'),
(67, 'Carlotta Bahringer', '2021-08-27 14:57:04', '2021-08-27 14:57:04'),
(68, 'Clair Bahringer', '2021-08-27 14:57:04', '2021-08-27 14:57:04'),
(69, 'Holden Homenick', '2021-08-27 14:57:04', '2021-08-27 14:57:04'),
(70, 'Arden Brekke Sr.', '2021-08-27 14:57:04', '2021-08-27 14:57:04'),
(71, 'Mr. Roger Ward', '2021-08-27 14:57:04', '2021-08-27 14:57:04'),
(72, 'Dr. Noah Dach', '2021-08-27 14:57:04', '2021-08-27 14:57:04'),
(73, 'Mrs. Sarai Jakubowski Jr.', '2021-08-27 14:57:04', '2021-08-27 14:57:04'),
(74, 'Ignacio Spinka', '2021-08-27 14:57:04', '2021-08-27 14:57:04'),
(75, 'Fanny Boyer', '2021-08-27 14:57:04', '2021-08-27 14:57:04'),
(76, 'Dr. Vincenzo Moore', '2021-08-27 14:57:04', '2021-08-27 14:57:04'),
(77, 'Maria Daugherty', '2021-08-27 14:57:04', '2021-08-27 14:57:04'),
(78, 'Vicenta Champlin', '2021-08-27 14:57:04', '2021-08-27 14:57:04'),
(79, 'Agustina Roob', '2021-08-27 14:57:04', '2021-08-27 14:57:04'),
(80, 'Clifton Rippin', '2021-08-27 14:57:04', '2021-08-27 14:57:04'),
(81, 'Freda Gulgowski', '2021-08-27 14:57:04', '2021-08-27 14:57:04'),
(82, 'Roxane Hilpert', '2021-08-27 14:57:04', '2021-08-27 14:57:04'),
(83, 'Rahsaan Toy', '2021-08-27 14:57:04', '2021-08-27 14:57:04'),
(84, 'Corrine Wehner', '2021-08-27 14:57:04', '2021-08-27 14:57:04'),
(85, 'Justus Larson', '2021-08-27 14:57:04', '2021-08-27 14:57:04'),
(86, 'Lucile Cummerata', '2021-08-27 14:57:04', '2021-08-27 14:57:04'),
(87, 'Preston Hayes I', '2021-08-27 14:57:04', '2021-08-27 14:57:04'),
(88, 'Dr. Maryjane O\'Hara II', '2021-08-27 14:57:04', '2021-08-27 14:57:04'),
(89, 'Yolanda Volkman', '2021-08-27 14:57:04', '2021-08-27 14:57:04'),
(90, 'Isai Pfannerstill', '2021-08-27 14:57:04', '2021-08-27 14:57:04'),
(91, 'Samir Ritchie', '2021-08-27 14:57:04', '2021-08-27 14:57:04'),
(92, 'Allie Mitchell', '2021-08-27 14:57:04', '2021-08-27 14:57:04'),
(93, 'Aubrey Roob', '2021-08-27 14:57:04', '2021-08-27 14:57:04'),
(94, 'Miss Chanelle Schoen DVM', '2021-08-27 14:57:04', '2021-08-27 14:57:04'),
(95, 'Coralie Larkin', '2021-08-27 14:57:04', '2021-08-27 14:57:04'),
(96, 'Amanda Turcotte', '2021-08-27 14:57:04', '2021-08-27 14:57:04'),
(97, 'Tyrell Keebler', '2021-08-27 14:57:04', '2021-08-27 14:57:04'),
(98, 'Prof. Briana Heathcote I', '2021-08-27 14:57:04', '2021-08-27 14:57:04'),
(99, 'Herminia Beatty', '2021-08-27 14:57:04', '2021-08-27 14:57:04'),
(100, 'Lonnie Welch III', '2021-08-27 14:57:04', '2021-08-27 14:57:04');

INSERT INTO `users` (`id`, `name`, `email`, `email_verified_at`, `password`, `remember_token`, `created_at`, `updated_at`) VALUES
(1, 'Prof. Vincent Sporer DVM', 'ohara.catalina@example.net', '2021-08-27 14:57:03', '$2y$10$92IXUNpkjO0rOQ5byMi.Ye4oKoEa3Ro9llC/.og/at2.uheWG/igi', '395WsTLf7C', '2021-08-27 14:57:03', '2021-08-27 14:57:03'),
(2, 'Dr. Katlynn Emard IV', 'windler.kristian@example.com', '2021-08-27 14:57:03', '$2y$10$92IXUNpkjO0rOQ5byMi.Ye4oKoEa3Ro9llC/.og/at2.uheWG/igi', 'AHD3gc4DJd', '2021-08-27 14:57:03', '2021-08-27 14:57:03'),
(3, 'Patience O\'Reilly', 'clementine26@example.net', '2021-08-27 14:57:03', '$2y$10$92IXUNpkjO0rOQ5byMi.Ye4oKoEa3Ro9llC/.og/at2.uheWG/igi', 'EvX5ZLc8i3', '2021-08-27 14:57:03', '2021-08-27 14:57:03'),
(4, 'Dr. Osvaldo Moen', 'carolyne.metz@example.net', '2021-08-27 14:57:03', '$2y$10$92IXUNpkjO0rOQ5byMi.Ye4oKoEa3Ro9llC/.og/at2.uheWG/igi', 'H3MOMC1f3m', '2021-08-27 14:57:03', '2021-08-27 14:57:03'),
(5, 'Mrs. Daisha McDermott MD', 'brendan23@example.com', '2021-08-27 14:57:03', '$2y$10$92IXUNpkjO0rOQ5byMi.Ye4oKoEa3Ro9llC/.og/at2.uheWG/igi', 'Yt81gHo0FG', '2021-08-27 14:57:03', '2021-08-27 14:57:03'),
(6, 'Kailyn Turcotte', 'ekerluke@example.net', '2021-08-27 14:57:03', '$2y$10$92IXUNpkjO0rOQ5byMi.Ye4oKoEa3Ro9llC/.og/at2.uheWG/igi', 'sJdp5UEC5C', '2021-08-27 14:57:03', '2021-08-27 14:57:03'),
(7, 'Elody Bogan', 'birdie.satterfield@example.com', '2021-08-27 14:57:03', '$2y$10$92IXUNpkjO0rOQ5byMi.Ye4oKoEa3Ro9llC/.og/at2.uheWG/igi', 'vYMIsNXN2w', '2021-08-27 14:57:03', '2021-08-27 14:57:03'),
(8, 'Halle Walker II', 'pouros.noe@example.com', '2021-08-27 14:57:03', '$2y$10$92IXUNpkjO0rOQ5byMi.Ye4oKoEa3Ro9llC/.og/at2.uheWG/igi', '5bG94CmBZw', '2021-08-27 14:57:03', '2021-08-27 14:57:03'),
(9, 'Velda Stracke', 'elza.pfeffer@example.org', '2021-08-27 14:57:03', '$2y$10$92IXUNpkjO0rOQ5byMi.Ye4oKoEa3Ro9llC/.og/at2.uheWG/igi', 'MiBoXZAyAi', '2021-08-27 14:57:03', '2021-08-27 14:57:03'),
(10, 'Dr. Adolphus Kling II', 'xbeer@example.net', '2021-08-27 14:57:03', '$2y$10$92IXUNpkjO0rOQ5byMi.Ye4oKoEa3Ro9llC/.og/at2.uheWG/igi', 'kSo5pFNQUj', '2021-08-27 14:57:03', '2021-08-27 14:57:03');



/*!40101 SET SQL_MODE=@OLD_SQL_MODE */;
/*!40014 SET FOREIGN_KEY_CHECKS=@OLD_FOREIGN_KEY_CHECKS */;
/*!40014 SET UNIQUE_CHECKS=@OLD_UNIQUE_CHECKS */;
/*!40101 SET CHARACTER_SET_CLIENT=@OLD_CHARACTER_SET_CLIENT */;
/*!40101 SET CHARACTER_SET_RESULTS=@OLD_CHARACTER_SET_RESULTS */;
/*!40101 SET COLLATION_CONNECTION=@OLD_COLLATION_CONNECTION */;
/*!40111 SET SQL_NOTES=@OLD_SQL_NOTES */;